filename,width,height,class,xmin,ymin,xmax,ymax
WhatsApp-Image-2022-04-16-at-11-14-21-PM--3-_jpeg.rf.0bb609738dbea839ce1b7ea7e037d395.jpg,416,416,Mango Anthracnose,97,131,398,328
165wh_jpg.rf.04681bc0ef0240876020b16bf65309b7.jpg,416,416,Papaya ring spot,66,98,313,276
WhatsApp-Image-2022-04-16-at-11-05-57-PM_jpeg.rf.05dbc4fe54d6e3c73077cc17552f32c2.jpg,416,416,Pineapple Fusariosis,74,200,207,290
WhatsApp-Image-2022-04-16-at-11-14-18-PM--2-_jpeg.rf.0b9bb78f2650907c173604e4e9ec0d8d.jpg,416,416,Mango Anthracnose,309,361,401,415
WhatsApp-Image-2022-04-16-at-11-14-18-PM--2-_jpeg.rf.0b9bb78f2650907c173604e4e9ec0d8d.jpg,416,416,Mango Anthracnose,216,390,305,412
WhatsApp-Image-2022-04-16-at-11-14-18-PM--2-_jpeg.rf.0b9bb78f2650907c173604e4e9ec0d8d.jpg,416,416,Mango Anthracnose,93,45,347,232
WhatsApp-Image-2022-04-16-at-11-14-18-PM--2-_jpeg.rf.0b9bb78f2650907c173604e4e9ec0d8d.jpg,416,416,Mango Anthracnose,190,229,377,353
WhatsApp-Image-2022-04-16-at-11-01-02-PM_jpeg.rf.0f5b9cf3cc76b86a02b8eaaaa7a35abe.jpg,416,416,pomegranate alternaria fruit spot,93,196,212,316
WhatsApp-Image-2022-04-16-at-11-01-02-PM_jpeg.rf.0f5b9cf3cc76b86a02b8eaaaa7a35abe.jpg,416,416,pomegranate alternaria fruit spot,195,136,253,244
Botrytis-cinerea_png.rf.00a0f4814204dbe55e789c10498b858e.jpg,416,416,strawberry botrytis cinere,118,192,215,267
download--5-_jpg.rf.11147c85b92bc2a3a862f65e9bf0e7c1.jpg,416,416,Papaya ring spot,133,126,227,226
download--5-_jpg.rf.11147c85b92bc2a3a862f65e9bf0e7c1.jpg,416,416,Papaya ring spot,246,123,337,257
download--5-_jpg.rf.11147c85b92bc2a3a862f65e9bf0e7c1.jpg,416,416,Papaya ring spot,66,242,229,366
download--5-_jpg.rf.11147c85b92bc2a3a862f65e9bf0e7c1.jpg,416,416,Papaya ring spot,190,52,262,115
download--5-_jpg.rf.11147c85b92bc2a3a862f65e9bf0e7c1.jpg,416,416,Papaya ring spot,262,115,273,121
WhatsApp-Image-2022-04-16-at-10-59-00-PM_jpeg.rf.1a641d82e9e696b79b244302bd6ac879.jpg,416,416,pear rust,199,126,311,315
WhatsApp-Image-2022-04-16-at-10-45-45-PM_jpeg.rf.17ea1b34856700f14833f2de62fe0b38.jpg,416,416,muskmelon black rot,39,194,175,298
WhatsApp-Image-2022-04-16-at-10-45-45-PM_jpeg.rf.17ea1b34856700f14833f2de62fe0b38.jpg,416,416,muskmelon black rot,67,289,153,355
WhatsApp-Image-2022-04-16-at-10-45-45-PM_jpeg.rf.17ea1b34856700f14833f2de62fe0b38.jpg,416,416,muskmelon black rot,145,164,340,273
WhatsApp-Image-2022-04-16-at-11-03-58-PM--3-_jpeg.rf.172547cb4e182c830287b7db281976c0.jpg,416,416,Pomegranate Bacterial Blight,170,24,270,283
powderymildewsweetsunrise5-26-151_jpg.rf.0e0e644dca0e124b7151101514d8140d.jpg,416,416,powdery mildew strawberry,331,152,375,266
powderymildewsweetsunrise5-26-151_jpg.rf.0e0e644dca0e124b7151101514d8140d.jpg,416,416,powdery mildew strawberry,227,168,332,259
WhatsApp-Image-2022-04-16-at-11-05-58-PM--1-_jpeg.rf.19f3121be9a1059d68e08f8efab36ecd.jpg,416,416,Pineapple Fusariosis,55,191,233,341
WhatsApp-Image-2022-04-16-at-11-05-58-PM--1-_jpeg.rf.19f3121be9a1059d68e08f8efab36ecd.jpg,416,416,Pineapple Fusariosis,235,238,359,372
WhatsApp-Image-2022-04-16-at-11-05-58-PM--1-_jpeg.rf.19f3121be9a1059d68e08f8efab36ecd.jpg,416,416,Pineapple Fusariosis,85,354,155,388
WhatsApp-Image-2022-04-16-at-11-05-58-PM--1-_jpeg.rf.19f3121be9a1059d68e08f8efab36ecd.jpg,416,416,Pineapple Fusariosis,151,52,258,170
sooty-blotch-apple_jpg.rf.1f1b73d2089c572a247e9967ae4d4c83.jpg,416,416,Sooty Blotch,99,103,262,301
guava-rot2_jpg.rf.0db6cb56d0330d2c2f4392c54a9352a1.jpg,416,416,Guava rot,157,151,297,314
WhatsApp-Image-2022-04-16-at-10-54-00-PM_jpeg.rf.0f3bd43fc671e38e8ff07003bfcd5098.jpg,416,416,Pear Scab,221,148,285,282
WhatsApp-Image-2022-04-16-at-10-54-00-PM_jpeg.rf.0f3bd43fc671e38e8ff07003bfcd5098.jpg,416,416,Pear Scab,163,161,217,279
WhatsApp-Image-2022-04-16-at-11-10-08-PM--3-_jpeg.rf.1fcfba6bb99a01de52c02f6f0f2d482c.jpg,416,416,Mango Anthracnose,72,114,374,333
WhatsApp-Image-2022-04-16-at-11-16-43-PM_jpeg.rf.0b4fc3813ce93953107d4ff5ca65bfab.jpg,416,416,Mango Anthracnose,127,265,290,358
WhatsApp-Image-2022-04-16-at-11-16-43-PM_jpeg.rf.0b4fc3813ce93953107d4ff5ca65bfab.jpg,416,416,Mango Anthracnose,80,22,90,59
WhatsApp-Image-2022-04-16-at-11-16-43-PM_jpeg.rf.0b4fc3813ce93953107d4ff5ca65bfab.jpg,416,416,Mango Anthracnose,141,22,262,87
WhatsApp-Image-2022-04-16-at-11-16-43-PM_jpeg.rf.0b4fc3813ce93953107d4ff5ca65bfab.jpg,416,416,Mango Anthracnose,81,79,304,254
download_jpg.rf.2515f5af05a4deaa615b241eef66c101.jpg,416,416,strawberry sunscald,126,107,256,278
guava-rust_jpg.rf.22e1a4908890ad732b4b0c64fcc530c0.jpg,416,416,Guava Rust,155,181,168,217
guava-rust_jpg.rf.22e1a4908890ad732b4b0c64fcc530c0.jpg,416,416,Guava Rust,172,194,199,233
guava-rust_jpg.rf.22e1a4908890ad732b4b0c64fcc530c0.jpg,416,416,Guava Rust,206,206,227,246
guava-rust_jpg.rf.22e1a4908890ad732b4b0c64fcc530c0.jpg,416,416,Guava Rust,229,203,271,273
WhatsApp-Image-2022-04-16-at-11-10-05-PM_jpeg.rf.0fa8b1cb748e711a0c9f7a6722a0b3e8.jpg,416,416,Mango Anthracnose,45,109,98,279
WhatsApp-Image-2022-04-16-at-11-10-05-PM_jpeg.rf.0fa8b1cb748e711a0c9f7a6722a0b3e8.jpg,416,416,Mango Anthracnose,128,90,361,342
1572816_jpg.rf.24df25314fb097b15533ca693e7dac76.jpg,416,416,colletrotrichum acutatum,66,150,133,260
1572816_jpg.rf.24df25314fb097b15533ca693e7dac76.jpg,416,416,colletrotrichum acutatum,241,192,331,307
1572816_jpg.rf.24df25314fb097b15533ca693e7dac76.jpg,416,416,colletrotrichum acutatum,174,247,228,357
download--1-_jpg.rf.1d2f4b07b0e2c2606a9ab8f04c557f37.jpg,416,416,Citrus back spot,91,74,341,328
1056-400x400_5_jpeg.rf.255c69f23a7f800b27d4eff2831aba2b.jpg,416,416,Papaya ring spot,149,39,251,203
1056-400x400_5_jpeg.rf.255c69f23a7f800b27d4eff2831aba2b.jpg,416,416,Papaya ring spot,127,207,214,366
1056-400x400_5_jpeg.rf.255c69f23a7f800b27d4eff2831aba2b.jpg,416,416,Papaya ring spot,215,312,258,395
1056-400x400_5_jpeg.rf.255c69f23a7f800b27d4eff2831aba2b.jpg,416,416,Papaya ring spot,157,381,212,415
WhatsApp-Image-2022-04-16-at-10-54-01-PM_jpeg.rf.1d50d2f215e578f61300853bcc280f41.jpg,416,416,Pear Scab,160,177,277,353
download--3-_jpg.rf.3b0a5fe3181310ebf98b6a48f0e7e560.jpg,416,416,Sooty Blotch,355,312,361,315
download--3-_jpg.rf.3b0a5fe3181310ebf98b6a48f0e7e560.jpg,416,416,Sooty Blotch,316,265,352,402
download--3-_jpg.rf.3b0a5fe3181310ebf98b6a48f0e7e560.jpg,416,416,Sooty Blotch,29,63,61,301
download--3-_jpg.rf.3b0a5fe3181310ebf98b6a48f0e7e560.jpg,416,416,Sooty Blotch,145,98,297,310
Anthracnose-1jpg_png.rf.21f4af9bbba1a7f8ba5bcdc6b6496114.jpg,416,416,strawberry anthracnose,106,113,324,376
WhatsApp-Image-2022-04-16-at-10-57-00-PM_jpeg.rf.207f4d5a13c3f2ee22dc7d80000fa1ea.jpg,416,416,Pear Scab,167,129,348,379
WhatsApp-Image-2022-04-16-at-10-56-59-PM_jpeg.rf.1e8658c2c8d8a063023f98da166fb4b6.jpg,416,416,Pear Scab,192,115,254,249
WhatsApp-Image-2022-04-16-at-10-56-59-PM_jpeg.rf.1e8658c2c8d8a063023f98da166fb4b6.jpg,416,416,Pear Scab,132,251,268,339
WhatsApp-Image-2022-04-16-at-11-10-08-PM_jpeg.rf.3408ecaccdcc709d0e390b2e27f51f41.jpg,416,416,Mango Anthracnose,237,146,365,324
WhatsApp-Image-2022-04-16-at-11-10-08-PM_jpeg.rf.3408ecaccdcc709d0e390b2e27f51f41.jpg,416,416,Mango Anthracnose,210,223,234,316
WhatsApp-Image-2022-04-16-at-11-10-08-PM_jpeg.rf.3408ecaccdcc709d0e390b2e27f51f41.jpg,416,416,Mango Anthracnose,259,293,305,335
guava-rust-pustules_jpg.rf.3ce3bc6642662f98ae2b217b7898ade2.jpg,416,416,Guava rust,259,97,297,188
guava-rust-pustules_jpg.rf.3ce3bc6642662f98ae2b217b7898ade2.jpg,416,416,Guava rust,175,82,215,228
guava-rust-pustules_jpg.rf.3ce3bc6642662f98ae2b217b7898ade2.jpg,416,416,Guava rust,294,116,320,202
guava-rust-pustules_jpg.rf.3ce3bc6642662f98ae2b217b7898ade2.jpg,416,416,Guava rust,217,84,269,242
guava-rust-pustules_jpg.rf.3ce3bc6642662f98ae2b217b7898ade2.jpg,416,416,Guava rust,114,122,178,226
guava-rust-pustules_jpg.rf.3ce3bc6642662f98ae2b217b7898ade2.jpg,416,416,Guava rust,250,215,290,260
87d3addb-03bc-4c07-8c1d-f0c75ac0cf55_rw_3840_jpg.rf.27750ca2ecee308167eaf61268880f0a.jpg,416,416,strawberry anthracnose,201,187,261,278
87d3addb-03bc-4c07-8c1d-f0c75ac0cf55_rw_3840_jpg.rf.27750ca2ecee308167eaf61268880f0a.jpg,416,416,strawberry anthracnose,269,264,303,382
guava-fruit-spots_jpg.rf.1c2bf9cbff319b7e113874597411bc46.jpg,416,416,fruit spots,84,128,177,183
guava-fruit-spots_jpg.rf.1c2bf9cbff319b7e113874597411bc46.jpg,416,416,fruit spots,217,141,343,210
guava_anthracnose2_jpg.rf.1ec385d3067dbcf67dc4f836abf1832d.jpg,416,416,Guava Anthracnose,77,89,282,299
guava_anthracnose_jpg.rf.32a083f53cf0b80a2f1f6745472a08c5.jpg,416,416,Guava Anthracnose,78,84,312,305
download--5-_jpg.rf.3ed55fa3daa70e49a61793be1618ba4b.jpg,416,416,Melanose Diaporthe citri,124,94,312,316
download--5-_jpg.rf.3ed55fa3daa70e49a61793be1618ba4b.jpg,416,416,Melanose Diaporthe citri,79,229,348,346
download--1-_jpg.rf.4503bebf3e3893b0abc8e05047d3b51d.jpg,416,416,Papaya ring spot,257,218,397,334
download--1-_jpg.rf.4503bebf3e3893b0abc8e05047d3b51d.jpg,416,416,Papaya ring spot,88,237,223,337
download--1-_jpg.rf.4503bebf3e3893b0abc8e05047d3b51d.jpg,416,416,Papaya ring spot,145,81,318,248
download_jpg.rf.458189bbb2292a2496b30e5c6a055c68.jpg,416,416,apple scab,143,110,296,279
download--1-_jpg.rf.243cb5a8baa5110bf6b9961a4f2ea07d.jpg,416,416,Melanose Diaporthe citri,81,110,286,363
download--1-_jpg.rf.243cb5a8baa5110bf6b9961a4f2ea07d.jpg,416,416,Melanose Diaporthe citri,135,57,259,92
WhatsApp-Image-2022-04-16-at-11-16-46-PM--3-_jpeg.rf.2899797e1cd239704421fd17a9c8ed9d.jpg,416,416,Mango Anthracnose,136,223,137,238
WhatsApp-Image-2022-04-16-at-11-16-46-PM--3-_jpeg.rf.2899797e1cd239704421fd17a9c8ed9d.jpg,416,416,Mango Anthracnose,46,49,247,220
download_jpg.rf.4c8060f9bf345c1e8af0095155140ef9.jpg,416,416,papaya Anthracnose,115,273,228,364
download_jpg.rf.4c8060f9bf345c1e8af0095155140ef9.jpg,416,416,papaya Anthracnose,291,26,402,229
download_jpg.rf.4c8060f9bf345c1e8af0095155140ef9.jpg,416,416,papaya Anthracnose,153,53,314,210
WhatsApp-Image-2022-04-16-at-11-14-23-PM_jpeg.rf.38245fb5898d1ba16332880500216c3c.jpg,416,416,Mango Anthracnose,36,307,299,407
WhatsApp-Image-2022-04-16-at-11-14-23-PM_jpeg.rf.38245fb5898d1ba16332880500216c3c.jpg,416,416,Mango Anthracnose,38,22,232,75
WhatsApp-Image-2022-04-16-at-11-14-23-PM_jpeg.rf.38245fb5898d1ba16332880500216c3c.jpg,416,416,Mango Anthracnose,4,81,286,293
WhatsApp-Image-2022-04-16-at-11-16-46-PM--1-_jpeg.rf.4d4b3f513bd20d67dc77ebc5e0e7c2e2.jpg,416,416,Mango Anthracnose,89,255,193,316
WhatsApp-Image-2022-04-16-at-11-16-46-PM--1-_jpeg.rf.4d4b3f513bd20d67dc77ebc5e0e7c2e2.jpg,416,416,Mango Anthracnose,211,273,247,315
WhatsApp-Image-2022-04-16-at-11-16-46-PM--1-_jpeg.rf.4d4b3f513bd20d67dc77ebc5e0e7c2e2.jpg,416,416,Mango Anthracnose,26,108,82,231
WhatsApp-Image-2022-04-16-at-11-16-46-PM--1-_jpeg.rf.4d4b3f513bd20d67dc77ebc5e0e7c2e2.jpg,416,416,Mango Anthracnose,157,129,297,237
08Anthracnose_jpg.rf.5cd94cf579585874d16b3fe9c0720420.jpg,416,416,Citrus anthracnose,33,31,237,205
08Anthracnose_jpg.rf.5cd94cf579585874d16b3fe9c0720420.jpg,416,416,Citrus anthracnose,145,213,247,328
download--2-_jpg.rf.48387dc99bf99145be3a2b23053952b0.jpg,416,416,Sooty Blotch,76,262,126,330
download--2-_jpg.rf.48387dc99bf99145be3a2b23053952b0.jpg,416,416,Sooty Blotch,164,380,274,408
download--2-_jpg.rf.48387dc99bf99145be3a2b23053952b0.jpg,416,416,Sooty Blotch,347,108,384,217
download--2-_jpg.rf.48387dc99bf99145be3a2b23053952b0.jpg,416,416,Sooty Blotch,157,30,342,344
citrus-Guignardia_citricarpa-black-spot-1024x768_jpg.rf.522e9d1ee827dc08398cb1b929f1d6ba.jpg,416,416,Citrus back spot,242,77,268,105
citrus-Guignardia_citricarpa-black-spot-1024x768_jpg.rf.522e9d1ee827dc08398cb1b929f1d6ba.jpg,416,416,Citrus back spot,220,77,237,107
citrus-Guignardia_citricarpa-black-spot-1024x768_jpg.rf.522e9d1ee827dc08398cb1b929f1d6ba.jpg,416,416,Citrus back spot,145,108,207,205
citrus-Guignardia_citricarpa-black-spot-1024x768_jpg.rf.522e9d1ee827dc08398cb1b929f1d6ba.jpg,416,416,Citrus back spot,220,129,290,326
citrus-Guignardia_citricarpa-black-spot-1024x768_jpg.rf.522e9d1ee827dc08398cb1b929f1d6ba.jpg,416,416,Citrus back spot,85,214,175,309
download_jpg.rf.53242079af5d6cb74534347531321a8c.jpg,416,416,Citrus anthracnose,334,184,360,312
download_jpg.rf.53242079af5d6cb74534347531321a8c.jpg,416,416,Citrus anthracnose,163,197,296,357
download_jpg.rf.53242079af5d6cb74534347531321a8c.jpg,416,416,Citrus anthracnose,97,241,152,334
download_jpg.rf.53242079af5d6cb74534347531321a8c.jpg,416,416,Citrus anthracnose,213,338,285,390
download_jpg.rf.53242079af5d6cb74534347531321a8c.jpg,416,416,Citrus anthracnose,190,99,284,181
1_jpg.rf.3ff6a976e35aaeb43833b05620e3d6cb.jpg,416,416,muskmelon black rot,34,187,176,313
1_jpg.rf.3ff6a976e35aaeb43833b05620e3d6cb.jpg,416,416,muskmelon black rot,242,77,352,317
WhatsApp-Image-2022-04-16-at-11-01-05-PM_jpeg.rf.6bfb388139ab98c259fbfa2722a3553f.jpg,416,416,Pomegranate alternaria fruit spot,286,266,317,338
WhatsApp-Image-2022-04-16-at-11-01-05-PM_jpeg.rf.6bfb388139ab98c259fbfa2722a3553f.jpg,416,416,Pomegranate alternaria fruit spot,296,150,327,228
WhatsApp-Image-2022-04-16-at-11-01-05-PM_jpeg.rf.6bfb388139ab98c259fbfa2722a3553f.jpg,416,416,Pomegranate alternaria fruit spot,177,130,278,282
WhatsApp-Image-2022-04-16-at-11-10-05-PM--3-_jpeg.rf.6e712b840c771779d3cc46837dae0cf9.jpg,416,416,Mango Anthracnose,54,13,299,370
1572819_jpg.rf.37805d7113c9cba0d6d864c6ea9c14c8.jpg,416,416,strawberry anthracnose,111,101,272,319
1572819_jpg.rf.37805d7113c9cba0d6d864c6ea9c14c8.jpg,416,416,strawberry anthracnose,275,296,288,302
WhatsApp-Image-2022-04-16-at-10-54-03-PM_jpeg.rf.64b4b21d340c8ab313ca7c1cba4cde83.jpg,416,416,Pear Scab,147,184,205,274
WhatsApp-Image-2022-04-16-at-10-54-03-PM_jpeg.rf.64b4b21d340c8ab313ca7c1cba4cde83.jpg,416,416,Pear Scab,105,110,229,162
WhatsApp-Image-2022-04-16-at-11-14-24-PM--1-_jpeg.rf.4c88312e7377c8207e2e5aa0044c8394.jpg,416,416,Mango Anthracnose,368,246,413,318
WhatsApp-Image-2022-04-16-at-11-14-24-PM--1-_jpeg.rf.4c88312e7377c8207e2e5aa0044c8394.jpg,416,416,Mango Anthracnose,280,119,379,203
WhatsApp-Image-2022-04-16-at-11-01-02-PM--2-_jpeg.rf.700fcc614852293c378a794b0fb04778.jpg,416,416,pomegranate alternaria fruit spot,86,56,272,257
WhatsApp-Image-2022-04-16-at-11-01-02-PM--2-_jpeg.rf.700fcc614852293c378a794b0fb04778.jpg,416,416,pomegranate alternaria fruit spot,156,265,243,294
WhatsApp-Image-2022-04-16-at-11-16-43-PM--2-_jpeg.rf.56b7353c0fbc5dc79a89d91cae4f1879.jpg,416,416,Mango Anthracnose,86,77,352,182
WhatsApp-Image-2022-04-16-at-11-16-43-PM--2-_jpeg.rf.56b7353c0fbc5dc79a89d91cae4f1879.jpg,416,416,Mango Anthracnose,40,179,396,378
WhatsApp-Image-2022-04-16-at-11-10-09-PM--2-_jpeg.rf.714009c30e1906ce560eeeafe2e67768.jpg,416,416,Mango Anthracnose,96,251,193,336
WhatsApp-Image-2022-04-16-at-11-10-09-PM--2-_jpeg.rf.714009c30e1906ce560eeeafe2e67768.jpg,416,416,Mango Anthracnose,58,82,150,228
WhatsApp-Image-2022-04-16-at-11-10-09-PM--2-_jpeg.rf.714009c30e1906ce560eeeafe2e67768.jpg,416,416,Mango Anthracnose,175,12,339,341
WhatsApp-Image-2022-04-16-at-11-01-02-PM--1-_jpeg.rf.654e87e6ba9591a48105614cf397d6dd.jpg,416,416,pomegranate alternaria fruit spot,59,167,379,367
WhatsApp-Image-2022-04-16-at-11-01-05-PM--2-_jpeg.rf.746543132e33175b51230e6e8d252c47.jpg,416,416,pomegranate alternaria fruit spot,142,163,256,269
WhatsApp-Image-2022-04-16-at-11-01-05-PM--2-_jpeg.rf.746543132e33175b51230e6e8d252c47.jpg,416,416,pomegranate alternaria fruit spot,137,181,299,266
WhatsApp-Image-2022-04-16-at-10-54-00-PM--1-_jpeg.rf.44b0393a487b179c311860c99166dff9.jpg,416,416,Pear Scab,70,306,295,385
WhatsApp-Image-2022-04-16-at-10-54-00-PM--1-_jpeg.rf.44b0393a487b179c311860c99166dff9.jpg,416,416,Pear Scab,191,192,325,241
WhatsApp-Image-2022-04-16-at-10-54-00-PM--1-_jpeg.rf.44b0393a487b179c311860c99166dff9.jpg,416,416,Pear Scab,64,216,214,271
Anthracnose--1-_jpg.rf.6e6e4c17830f847ce7da8d5430eaafb2.jpg,416,416,strawberry anthracnose,125,118,144,244
Anthracnose--1-_jpg.rf.6e6e4c17830f847ce7da8d5430eaafb2.jpg,416,416,strawberry anthracnose,237,122,308,260
Anthracnose--1-_jpg.rf.6e6e4c17830f847ce7da8d5430eaafb2.jpg,416,416,strawberry anthracnose,137,235,179,301
Anthracnose--1-_jpg.rf.6e6e4c17830f847ce7da8d5430eaafb2.jpg,416,416,strawberry anthracnose,181,319,224,386
WhatsApp-Image-2022-04-16-at-11-01-04-PM_jpeg.rf.62067dfcaa8ea20c54f1e37717ec0c4c.jpg,416,416,pomegranate alternaria fruit spot,115,117,245,296
download_jpg.rf.74dab819cf41a6e0eaeb5591c14a64a1.jpg,416,416,Papaya ring spot,71,167,119,225
download_jpg.rf.74dab819cf41a6e0eaeb5591c14a64a1.jpg,416,416,Papaya ring spot,128,90,336,328
WhatsApp-Image-2022-04-16-at-11-01-04-PM--1-_jpeg.rf.79e9b3ef536691fb357cf576bef58e3e.jpg,416,416,pomegranate alternaria fruit spot,110,134,357,292
WhatsApp-Image-2022-04-16-at-11-01-04-PM--1-_jpeg.rf.79e9b3ef536691fb357cf576bef58e3e.jpg,416,416,pomegranate alternaria fruit spot,5,151,173,292
WhatsApp-Image-2022-04-16-at-11-16-43-PM--1-_jpeg.rf.4f9864be7cf459076292f8f6aa36459c.jpg,416,416,Mango Anthracnose,170,67,360,231
WhatsApp-Image-2022-04-16-at-11-16-43-PM--1-_jpeg.rf.4f9864be7cf459076292f8f6aa36459c.jpg,416,416,Mango Anthracnose,125,233,329,389
WhatsApp-Image-2022-04-16-at-11-16-43-PM--1-_jpeg.rf.4f9864be7cf459076292f8f6aa36459c.jpg,416,416,Mango Anthracnose,15,255,123,373
apple_scab_mature_fruit_sm--1-_jpg.rf.64aa76b10813bfa27142644a24021575.jpg,416,416,apple scab,63,127,103,251
apple_scab_mature_fruit_sm--1-_jpg.rf.64aa76b10813bfa27142644a24021575.jpg,416,416,apple scab,198,126,302,340
apple_scab_mature_fruit_sm--1-_jpg.rf.64aa76b10813bfa27142644a24021575.jpg,416,416,apple scab,80,281,175,350
WhatsApp-Image-2022-04-16-at-10-56-58-PM_jpeg.rf.499d480c1fb75a6c1fae0d70a8487f4f.jpg,416,416,Pear Scab,130,318,303,369
WhatsApp-Image-2022-04-16-at-10-56-58-PM_jpeg.rf.499d480c1fb75a6c1fae0d70a8487f4f.jpg,416,416,Pear Scab,94,96,329,299
12Anthracnose_jpg.rf.7f17914aabe48c081b9b6061047198ea.jpg,416,416,Citrus anthracnose,94,91,243,324
12Anthracnose_jpg.rf.7f17914aabe48c081b9b6061047198ea.jpg,416,416,Citrus anthracnose,53,168,112,251
Citrus-Melanose_jpg.rf.7b9e271cd7d845b913c9178cac6751ff.jpg,416,416,Melanose Diaporthe citri,124,111,217,313
Citrus-Melanose_jpg.rf.7b9e271cd7d845b913c9178cac6751ff.jpg,416,416,Melanose Diaporthe citri,241,108,327,350
Citrus-Melanose_jpg.rf.7b9e271cd7d845b913c9178cac6751ff.jpg,416,416,Melanose Diaporthe citri,106,307,289,378
WhatsApp-Image-2022-04-16-at-11-03-59-PM_jpeg.rf.828d63c7ab34ab5ffd952b4f29fab842.jpg,416,416,Pomegranate Bacterial Blight,225,92,273,353
WhatsApp-Image-2022-04-16-at-11-10-05-PM--2-_jpeg.rf.6630fcdd940cd1d2ce4c0e17592a1ead.jpg,416,416,Mango Anthracnose,106,212,200,278
WhatsApp-Image-2022-04-16-at-11-10-05-PM--2-_jpeg.rf.6630fcdd940cd1d2ce4c0e17592a1ead.jpg,416,416,Mango Anthracnose,202,228,309,324
WhatsApp-Image-2022-04-16-at-11-10-05-PM--2-_jpeg.rf.6630fcdd940cd1d2ce4c0e17592a1ead.jpg,416,416,Mango Anthracnose,195,37,358,254
WhatsApp-Image-2022-04-16-at-11-10-05-PM--2-_jpeg.rf.6630fcdd940cd1d2ce4c0e17592a1ead.jpg,416,416,Mango Anthracnose,108,94,178,202
WhatsApp-Image-2022-04-16-at-10-56-59-PM--2-_jpeg.rf.81f9ecc5600b227cf35ca70513b6940d.jpg,416,416,Pear Scab,78,195,273,254
WhatsApp-Image-2022-04-16-at-10-56-59-PM--2-_jpeg.rf.81f9ecc5600b227cf35ca70513b6940d.jpg,416,416,Pear Scab,42,250,208,316
WhatsApp-Image-2022-04-16-at-11-07-46-PM_jpeg.rf.84f6329cef99a9313898b81f8050e87d.jpg,416,416,Pineapple Green Fruit Rot,152,204,270,317
download--5-_jpg.rf.83441d511a844288152b362a5ddc4a94.jpg,416,416,Citrus anthracnose,118,159,143,271
download--5-_jpg.rf.83441d511a844288152b362a5ddc4a94.jpg,416,416,Citrus anthracnose,145,78,273,309
download--5-_jpg.rf.83441d511a844288152b362a5ddc4a94.jpg,416,416,Citrus anthracnose,282,127,302,265
Leprosis-1_jpg.rf.84b7a7854d85fe50e2ab39c0ee99ffdb.jpg,416,416,Citrus anthracnose,240,142,287,221
Leprosis-1_jpg.rf.84b7a7854d85fe50e2ab39c0ee99ffdb.jpg,416,416,Citrus anthracnose,57,105,118,260
Leprosis-1_jpg.rf.84b7a7854d85fe50e2ab39c0ee99ffdb.jpg,416,416,Citrus anthracnose,367,250,411,311
Leprosis-1_jpg.rf.84b7a7854d85fe50e2ab39c0ee99ffdb.jpg,416,416,Citrus anthracnose,180,260,233,328
Leprosis-1_jpg.rf.84b7a7854d85fe50e2ab39c0ee99ffdb.jpg,416,416,Citrus anthracnose,62,255,78,336
Leprosis-1_jpg.rf.84b7a7854d85fe50e2ab39c0ee99ffdb.jpg,416,416,Citrus anthracnose,246,291,284,360
Leprosis-1_jpg.rf.84b7a7854d85fe50e2ab39c0ee99ffdb.jpg,416,416,Citrus anthracnose,303,324,315,376
powdery-mildew_jpg.rf.7163e668eeda9ef4e96bf381497f2f93.jpg,416,416,powdery mildew strawberry,98,174,238,327
powdery-mildew_jpg.rf.7163e668eeda9ef4e96bf381497f2f93.jpg,416,416,powdery mildew strawberry,180,180,311,354
download_jpg.rf.5b42732feafcca0b916530113a000f88.jpg,416,416,powdery mildew strawberry,156,142,389,366
WhatsApp-Image-2022-04-16-at-11-10-09-PM_jpeg.rf.86d26e1ccd728045cc5d7d5e66b425d3.jpg,416,416,Mango Anthracnose,44,290,200,405
WhatsApp-Image-2022-04-16-at-11-10-09-PM_jpeg.rf.86d26e1ccd728045cc5d7d5e66b425d3.jpg,416,416,Mango Anthracnose,73,86,224,285
WhatsApp-Image-2022-04-16-at-11-10-09-PM_jpeg.rf.86d26e1ccd728045cc5d7d5e66b425d3.jpg,416,416,Mango Anthracnose,217,45,346,405
download--1-_jpg.rf.7ea9f7675ba2726fa9c2716083d009d0.jpg,416,416,papaya Anthracnose,134,195,366,342
download--1-_jpg.rf.7ea9f7675ba2726fa9c2716083d009d0.jpg,416,416,papaya Anthracnose,76,251,159,320
download--1-_jpg.rf.7ea9f7675ba2726fa9c2716083d009d0.jpg,416,416,papaya Anthracnose,134,64,281,149
WhatsApp-Image-2022-04-16-at-10-54-03-PM--1-_jpeg.rf.8772ed7e80f45be39dfeff39df89f31a.jpg,416,416,Pear Scab,120,103,314,205
WhatsApp-Image-2022-04-16-at-10-54-03-PM--1-_jpeg.rf.8772ed7e80f45be39dfeff39df89f31a.jpg,416,416,Pear Scab,151,213,356,331
WhatsApp-Image-2022-04-16-at-11-10-11-PM--1-_jpeg.rf.7b3802d4a0f7e9b5eecfcb78ebcf93a5.jpg,416,416,Mango Anthracnose,223,13,365,129
WhatsApp-Image-2022-04-16-at-11-10-11-PM--1-_jpeg.rf.7b3802d4a0f7e9b5eecfcb78ebcf93a5.jpg,416,416,Mango Anthracnose,54,67,112,144
WhatsApp-Image-2022-04-16-at-11-10-11-PM--1-_jpeg.rf.7b3802d4a0f7e9b5eecfcb78ebcf93a5.jpg,416,416,Mango Anthracnose,127,52,228,167
istockphoto-1312808999-612x612_jpg.rf.829fdb5d000a35e27925deaaf9b8c14f.jpg,416,416,apple scab,178,118,277,299
WhatsApp-Image-2022-04-16-at-11-14-23-PM--1-_jpeg.rf.7e9b7ed4900311768dbac22489256f5d.jpg,416,416,Mango Anthracnose,113,154,389,331
Scab_jpg.rf.2e6e7253e618ac2f8a5e16bdee20af7a.jpg,416,416,apple scab,309,33,399,169
Scab_jpg.rf.2e6e7253e618ac2f8a5e16bdee20af7a.jpg,416,416,apple scab,40,150,181,303
powdery-mildew-1jpg_jpg.rf.2bc2fe6332d6d0c17e690286f0dc903d.jpg,416,416,powdery mildew strawberry,219,109,337,263
powdery-mildew-1jpg_jpg.rf.2bc2fe6332d6d0c17e690286f0dc903d.jpg,416,416,powdery mildew strawberry,74,145,280,336
15003087410_59d64be40f_b_jpg.rf.881b15abdac1705cbc00fa05d7c365dd.jpg,416,416,papaya Anthracnose,141,41,304,317
15003087410_59d64be40f_b_jpg.rf.881b15abdac1705cbc00fa05d7c365dd.jpg,416,416,papaya Anthracnose,297,256,361,347
15003087410_59d64be40f_b_jpg.rf.881b15abdac1705cbc00fa05d7c365dd.jpg,416,416,papaya Anthracnose,82,323,175,383
Colletotrichum-acutatum_jpg.rf.885136034126c2062b0a5bb32d5bd321.jpg,416,416,colletrotrichum acutatum,141,127,242,298
WhatsApp-Image-2022-04-16-at-11-10-09-PM--1-_jpeg.rf.8503f5323eb01a0f05e99d940ed60098.jpg,416,416,Mango Anthracnose,85,43,265,296
WhatsApp-Image-2022-04-16-at-11-10-09-PM--1-_jpeg.rf.8503f5323eb01a0f05e99d940ed60098.jpg,416,416,Mango Anthracnose,26,103,92,275
WhatsApp-Image-2022-04-16-at-11-10-09-PM--1-_jpeg.rf.8503f5323eb01a0f05e99d940ed60098.jpg,416,416,Mango Anthracnose,202,303,311,370
WhatsApp-Image-2022-04-16-at-11-10-11-PM_jpeg.rf.7679600d15907233b2485dc50c571fb8.jpg,416,416,Mango Anthracnose,135,128,341,232
WhatsApp-Image-2022-04-16-at-11-10-11-PM_jpeg.rf.7679600d15907233b2485dc50c571fb8.jpg,416,416,Mango Anthracnose,102,276,248,358
download_jpg.rf.8a13a1b527350eaf23a6bcb9106e4bba.jpg,416,416,Sooty Blotch,206,238,238,377
download_jpg.rf.8a13a1b527350eaf23a6bcb9106e4bba.jpg,416,416,Sooty Blotch,247,55,300,177
download_jpg.rf.8a13a1b527350eaf23a6bcb9106e4bba.jpg,416,416,Sooty Blotch,291,130,320,247
download_jpg.rf.8a13a1b527350eaf23a6bcb9106e4bba.jpg,416,416,Sooty Blotch,104,45,207,376
banana-fusarium-fruit-rot_jpg.rf.8b8ddcee297ae3ff1f5d2fb10802e601.jpg,416,416,fruit rot,73,154,253,339
sbfs_yellow_2_app_jpg.rf.99a6d4ef65deb5cdd3f72c69e07c79fc.jpg,416,416,Sooty Blotch,131,157,217,273
sbfs_yellow_2_app_jpg.rf.99a6d4ef65deb5cdd3f72c69e07c79fc.jpg,416,416,Sooty Blotch,299,174,379,281
sbfs_yellow_2_app_jpg.rf.99a6d4ef65deb5cdd3f72c69e07c79fc.jpg,416,416,Sooty Blotch,93,286,253,373
WhatsApp-Image-2022-04-16-at-11-03-58-PM_jpeg.rf.968ceeb77d0570a83ce3c027aaa92e6f.jpg,416,416,Pomegranate Bacterial Blight,159,62,335,384
WhatsApp-Image-2022-04-16-at-11-10-06-PM_jpeg.rf.95d2fd5673cda66c2ee7b8534cb2234c.jpg,416,416,Mango Anthracnose,195,35,333,119
WhatsApp-Image-2022-04-16-at-11-10-06-PM_jpeg.rf.95d2fd5673cda66c2ee7b8534cb2234c.jpg,416,416,Mango Anthracnose,29,120,246,185
WhatsApp-Image-2022-04-16-at-11-10-06-PM_jpeg.rf.95d2fd5673cda66c2ee7b8534cb2234c.jpg,416,416,Mango Anthracnose,80,285,184,320
WhatsApp-Image-2022-04-16-at-11-10-06-PM_jpeg.rf.95d2fd5673cda66c2ee7b8534cb2234c.jpg,416,416,Mango Anthracnose,119,341,181,396
WhatsApp-Image-2022-04-16-at-10-54-01-PM--1-_jpeg.rf.89734bcbdfb86c29ca2790655967589a.jpg,416,416,Pear Scab,230,167,351,345
WhatsApp-Image-2022-04-16-at-10-54-01-PM--1-_jpeg.rf.89734bcbdfb86c29ca2790655967589a.jpg,416,416,Pear Scab,70,253,298,317
WhatsApp-Image-2022-04-16-at-10-54-01-PM--1-_jpeg.rf.89734bcbdfb86c29ca2790655967589a.jpg,416,416,Pear Scab,65,128,264,242
WhatsApp-Image-2022-04-16-at-11-01-00-PM_jpeg.rf.8eb8e3b3d1fd68b674ab4b06bc483b0e.jpg,416,416,pomegranate alternaria fruit spot,139,98,243,302
WhatsApp-Image-2022-04-16-at-11-16-44-PM_jpeg.rf.93c4c8e4ebb05b2e7e09b0f756343221.jpg,416,416,Mango Anthracnose,52,122,200,320
WhatsApp-Image-2022-04-16-at-11-16-44-PM_jpeg.rf.93c4c8e4ebb05b2e7e09b0f756343221.jpg,416,416,Mango Anthracnose,134,270,310,379
WhatsApp-Image-2022-04-16-at-11-16-44-PM_jpeg.rf.93c4c8e4ebb05b2e7e09b0f756343221.jpg,416,416,Mango Anthracnose,147,8,324,125
WhatsApp-Image-2022-04-16-at-11-16-44-PM_jpeg.rf.93c4c8e4ebb05b2e7e09b0f756343221.jpg,416,416,Mango Anthracnose,102,65,259,171
WhatsApp-Image-2022-04-16-at-11-01-05-PM--3-_jpeg.rf.a7802ddaa7eaa304a2132b053225e51f.jpg,416,416,pomegranate alternaria fruit spot,256,148,320,289
WhatsApp-Image-2022-04-16-at-11-01-05-PM--3-_jpeg.rf.a7802ddaa7eaa304a2132b053225e51f.jpg,416,416,pomegranate alternaria fruit spot,112,135,152,339
WhatsApp-Image-2022-04-16-at-11-01-05-PM--3-_jpeg.rf.a7802ddaa7eaa304a2132b053225e51f.jpg,416,416,pomegranate alternaria fruit spot,142,112,276,289
WhatsApp-Image-2022-04-16-at-11-16-47-PM_jpeg.rf.4bd70c1e344ebb3fffa9243bb13dc4c6.jpg,416,416,Mango Anthracnose,268,194,337,268
WhatsApp-Image-2022-04-16-at-11-16-47-PM_jpeg.rf.4bd70c1e344ebb3fffa9243bb13dc4c6.jpg,416,416,Mango Anthracnose,26,199,64,270
WhatsApp-Image-2022-04-16-at-11-16-47-PM_jpeg.rf.4bd70c1e344ebb3fffa9243bb13dc4c6.jpg,416,416,Mango Anthracnose,78,162,284,322
WhatsApp-Image-2022-04-16-at-11-16-47-PM_jpeg.rf.4bd70c1e344ebb3fffa9243bb13dc4c6.jpg,416,416,Mango Anthracnose,52,270,87,320
WhatsApp-Image-2022-04-16-at-11-16-47-PM_jpeg.rf.4bd70c1e344ebb3fffa9243bb13dc4c6.jpg,416,416,Mango Anthracnose,269,295,315,336
WhatsApp-Image-2022-04-16-at-11-16-47-PM_jpeg.rf.4bd70c1e344ebb3fffa9243bb13dc4c6.jpg,416,416,Mango Anthracnose,172,18,324,153
WhatsApp-Image-2022-04-16-at-11-16-47-PM_jpeg.rf.4bd70c1e344ebb3fffa9243bb13dc4c6.jpg,416,416,Mango Anthracnose,119,53,190,133
14281763309_86dc892679_b_jpg.rf.8ea2826db4a8e842199fa2dc0577e3fb.jpg,416,416,Papaya ring spot,290,46,346,134
14281763309_86dc892679_b_jpg.rf.8ea2826db4a8e842199fa2dc0577e3fb.jpg,416,416,Papaya ring spot,134,91,274,222
14281763309_86dc892679_b_jpg.rf.8ea2826db4a8e842199fa2dc0577e3fb.jpg,416,416,Papaya ring spot,62,235,265,355
guava-pink-spots_jpg.rf.8ffbe71c2a74ea53c4bd569088e678eb.jpg,416,416,fruit spots,98,227,198,325
guava-pink-spots_jpg.rf.8ffbe71c2a74ea53c4bd569088e678eb.jpg,416,416,fruit spots,113,50,213,213
guava-pink-spots_jpg.rf.8ffbe71c2a74ea53c4bd569088e678eb.jpg,416,416,fruit spots,247,72,346,262
download--2-_jpg.rf.a9f40cc65ce9b38d1398e9a85f68e60f.jpg,416,416,papaya Anthracnose,120,11,298,47
download--2-_jpg.rf.a9f40cc65ce9b38d1398e9a85f68e60f.jpg,416,416,papaya Anthracnose,95,218,358,376
download--2-_jpg.rf.a9f40cc65ce9b38d1398e9a85f68e60f.jpg,416,416,papaya Anthracnose,116,51,286,194
WhatsApp-Image-2022-04-16-at-11-16-45-PM_jpeg.rf.a140ae916f4325eb3f97b7102fe4e668.jpg,416,416,Mango Anthracnose,229,0,347,169
WhatsApp-Image-2022-04-16-at-11-16-45-PM_jpeg.rf.a140ae916f4325eb3f97b7102fe4e668.jpg,416,416,Mango Anthracnose,21,12,220,210
WhatsApp-Image-2022-04-16-at-11-14-24-PM--2-_jpeg.rf.89fd567fdffe4b3ded428d709ae0e968.jpg,416,416,Mango Anthracnose,167,84,342,289
WhatsApp-Image-2022-04-16-at-11-10-10-PM--1-_jpeg.rf.8e4a1720181cb6fb0237ee44dff92ba0.jpg,416,416,Mango Anthracnose,313,159,383,330
WhatsApp-Image-2022-04-16-at-11-10-10-PM--1-_jpeg.rf.8e4a1720181cb6fb0237ee44dff92ba0.jpg,416,416,Mango Anthracnose,141,266,303,344
WhatsApp-Image-2022-04-16-at-11-04-00-PM_jpeg.rf.a75548c256d2a81235b0fed4f0a9cdc3.jpg,416,416,Pomegranate Bacterial Blight,92,40,153,258
WhatsApp-Image-2022-04-16-at-11-04-00-PM_jpeg.rf.a75548c256d2a81235b0fed4f0a9cdc3.jpg,416,416,Pomegranate Bacterial Blight,189,61,272,286
WhatsApp-Image-2022-04-16-at-11-10-06-PM--2-_jpeg.rf.b41985126a9ad616baff0924ac30c5b3.jpg,416,416,Mango Anthracnose,142,32,276,84
WhatsApp-Image-2022-04-16-at-11-10-06-PM--2-_jpeg.rf.b41985126a9ad616baff0924ac30c5b3.jpg,416,416,Mango Anthracnose,79,102,329,231
WhatsApp-Image-2022-04-16-at-11-03-59-PM--1-_jpeg.rf.b46ee6a36bbbf20b67fd63cfc4bf6990.jpg,416,416,Pomegranate Bacterial Blight,95,112,257,326
WhatsApp-Image-2022-04-16-at-11-03-59-PM--1-_jpeg.rf.b46ee6a36bbbf20b67fd63cfc4bf6990.jpg,416,416,Pomegranate Bacterial Blight,205,187,369,363
download--7-_jpg.rf.960f4ba3edd5b47f49ee723d62615442.jpg,416,416,Citrus back spot,186,227,233,357
download--7-_jpg.rf.960f4ba3edd5b47f49ee723d62615442.jpg,416,416,Citrus back spot,198,63,260,230
WhatsApp-Image-2022-04-16-at-11-16-44-PM--2-_jpeg.rf.ad5644be75c9a6f2bd1e32df6a433f63.jpg,416,416,Mango Anthracnose,153,19,320,134
WhatsApp-Image-2022-04-16-at-11-16-44-PM--2-_jpeg.rf.ad5644be75c9a6f2bd1e32df6a433f63.jpg,416,416,Mango Anthracnose,74,65,143,210
WhatsApp-Image-2022-04-16-at-11-16-44-PM--2-_jpeg.rf.ad5644be75c9a6f2bd1e32df6a433f63.jpg,416,416,Mango Anthracnose,175,153,221,246
WhatsApp-Image-2022-04-16-at-11-16-44-PM--2-_jpeg.rf.ad5644be75c9a6f2bd1e32df6a433f63.jpg,416,416,Mango Anthracnose,238,127,358,276
banana-rot5_jpg.rf.89da2f7385dbdd9cb2e8c1278369ea6e.jpg,416,416,fruit rot,152,121,264,273
WhatsApp-Image-2022-04-16-at-11-10-04-PM--1-_jpeg.rf.a82b52b2aa3db37a2caeb43c5517fa32.jpg,416,416,Mango Anthracnose,187,195,263,270
WhatsApp-Image-2022-04-16-at-11-10-04-PM--1-_jpeg.rf.a82b52b2aa3db37a2caeb43c5517fa32.jpg,416,416,Mango Anthracnose,81,102,94,133
WhatsApp-Image-2022-04-16-at-11-10-04-PM--1-_jpeg.rf.a82b52b2aa3db37a2caeb43c5517fa32.jpg,416,416,Mango Anthracnose,207,119,251,175
WhatsApp-Image-2022-04-16-at-11-16-46-PM--2-_jpeg.rf.a7693afe231f7d962d7219376c3dfbfb.jpg,416,416,Mango Anthracnose,51,190,151,347
WhatsApp-Image-2022-04-16-at-11-16-46-PM--2-_jpeg.rf.a7693afe231f7d962d7219376c3dfbfb.jpg,416,416,Mango Anthracnose,154,188,333,370
WhatsApp-Image-2022-04-16-at-11-16-46-PM--2-_jpeg.rf.a7693afe231f7d962d7219376c3dfbfb.jpg,416,416,Mango Anthracnose,132,45,292,88
WhatsApp-Image-2022-04-16-at-11-16-46-PM--2-_jpeg.rf.a7693afe231f7d962d7219376c3dfbfb.jpg,416,416,Mango Anthracnose,171,104,265,186
WhatsApp-Image-2022-04-16-at-11-16-46-PM--2-_jpeg.rf.a7693afe231f7d962d7219376c3dfbfb.jpg,416,416,Mango Anthracnose,68,94,143,197
WhatsApp-Image-2022-04-16-at-11-14-20-PM_jpeg.rf.b970a520516b61a18f30c57a7933b209.jpg,416,416,Mango Anthracnose,119,36,284,252
WhatsApp-Image-2022-04-16-at-11-14-20-PM_jpeg.rf.b970a520516b61a18f30c57a7933b209.jpg,416,416,Mango Anthracnose,251,189,345,282
WhatsApp-Image-2022-04-16-at-11-14-20-PM_jpeg.rf.b970a520516b61a18f30c57a7933b209.jpg,416,416,Mango Anthracnose,152,258,239,359
WhatsApp-Image-2022-04-16-at-11-05-59-PM_jpeg.rf.ba7e6cba7fb8a8f53cb763c146554836.jpg,416,416,Pineapple Fusariosis,119,46,312,140
Fig3HGMelanoseOnSweetOrangeFruit_jpg.rf.b6fdebd87be9f90f06f3b59d7d5a168f.jpg,416,416,Melanose Diaporthe citri,239,10,337,71
Fig3HGMelanoseOnSweetOrangeFruit_jpg.rf.b6fdebd87be9f90f06f3b59d7d5a168f.jpg,416,416,Melanose Diaporthe citri,18,109,108,187
Fig3HGMelanoseOnSweetOrangeFruit_jpg.rf.b6fdebd87be9f90f06f3b59d7d5a168f.jpg,416,416,Melanose Diaporthe citri,151,65,354,404
Fig3HGMelanoseOnSweetOrangeFruit_jpg.rf.b6fdebd87be9f90f06f3b59d7d5a168f.jpg,416,416,Melanose Diaporthe citri,93,212,153,368
Fig3HGMelanoseOnSweetOrangeFruit_jpg.rf.b6fdebd87be9f90f06f3b59d7d5a168f.jpg,416,416,Melanose Diaporthe citri,112,332,118,333
download--6-_jpg.rf.bd92888c1a7b821b40089e5ed948b5c0.jpg,416,416,Citrus anthracnose,95,211,121,242
download--6-_jpg.rf.bd92888c1a7b821b40089e5ed948b5c0.jpg,416,416,Citrus anthracnose,280,226,323,323
download--6-_jpg.rf.bd92888c1a7b821b40089e5ed948b5c0.jpg,416,416,Citrus anthracnose,349,278,378,312
download--6-_jpg.rf.bd92888c1a7b821b40089e5ed948b5c0.jpg,416,416,Citrus anthracnose,75,67,130,151
download--6-_jpg.rf.bd92888c1a7b821b40089e5ed948b5c0.jpg,416,416,Citrus anthracnose,138,72,179,184
download--6-_jpg.rf.bd92888c1a7b821b40089e5ed948b5c0.jpg,416,416,Citrus anthracnose,352,149,381,221
download--6-_jpg.rf.bd92888c1a7b821b40089e5ed948b5c0.jpg,416,416,Citrus anthracnose,68,176,95,207
download--6-_jpg.rf.bd92888c1a7b821b40089e5ed948b5c0.jpg,416,416,Citrus anthracnose,227,138,335,277
WhatsApp-Image-2022-04-16-at-11-01-02-PM--3-_jpeg.rf.c799c2e4f10129079d82c3d18afdce37.jpg,416,416,pomegranate alternaria fruit spot,167,64,352,283
WhatsApp-Image-2022-04-16-at-11-01-02-PM--3-_jpeg.rf.c799c2e4f10129079d82c3d18afdce37.jpg,416,416,pomegranate alternaria fruit spot,56,133,171,279
WhatsApp-Image-2022-04-16-at-10-54-00-PM--2-_jpeg.rf.bcf4d0ae39466a6fa22574f842e1e921.jpg,416,416,Pear Scab,141,189,218,276
WhatsApp-Image-2022-04-16-at-10-54-00-PM--2-_jpeg.rf.bcf4d0ae39466a6fa22574f842e1e921.jpg,416,416,Pear Scab,158,283,236,338
WhatsApp-Image-2022-04-16-at-10-54-00-PM--2-_jpeg.rf.bcf4d0ae39466a6fa22574f842e1e921.jpg,416,416,Pear Scab,210,137,271,265
WhatsApp-Image-2022-04-16-at-11-16-44-PM--1-_jpeg.rf.ae75dcc1904405b9ec79846b3fdfed8a.jpg,416,416,Mango Anthracnose,19,83,283,191
WhatsApp-Image-2022-04-16-at-11-16-44-PM--1-_jpeg.rf.ae75dcc1904405b9ec79846b3fdfed8a.jpg,416,416,Mango Anthracnose,63,198,205,307
WhatsApp-Image-2022-04-16-at-11-16-44-PM--1-_jpeg.rf.ae75dcc1904405b9ec79846b3fdfed8a.jpg,416,416,Mango Anthracnose,168,290,236,400
WhatsApp-Image-2022-04-16-at-10-54-02-PM--3-_jpeg.rf.c2d855436d6da9e721719ea133c06565.jpg,416,416,Pear Scab,129,316,321,391
WhatsApp-Image-2022-04-16-at-10-54-02-PM--3-_jpeg.rf.c2d855436d6da9e721719ea133c06565.jpg,416,416,Pear Scab,133,178,293,285
WhatsApp-Image-2022-04-16-at-10-54-02-PM--3-_jpeg.rf.c2d855436d6da9e721719ea133c06565.jpg,416,416,Pear Scab,35,247,201,367
WhatsApp-Image-2022-04-16-at-11-14-18-PM_jpeg.rf.cafb67141f9b2a911fde7878f13c9f3c.jpg,416,416,Mango Anthracnose,134,53,312,194
WhatsApp-Image-2022-04-16-at-11-14-18-PM_jpeg.rf.cafb67141f9b2a911fde7878f13c9f3c.jpg,416,416,Mango Anthracnose,136,223,358,358
WhatsApp-Image-2022-04-16-at-11-14-21-PM--2-_jpeg.rf.c80d655a275e09e5a875d163fede7a2b.jpg,416,416,Mango Anthracnose,146,123,322,260
download--2-_jpg.rf.d2a9eb0decc93a29a318c5e0cb4bd3e1.jpg,416,416,Citrus anthracnose,275,181,324,254
download--2-_jpg.rf.d2a9eb0decc93a29a318c5e0cb4bd3e1.jpg,416,416,Citrus anthracnose,243,163,259,191
WhatsApp-Image-2022-04-16-at-11-07-47-PM_jpeg.rf.d7fff061380d22bd4f63944f7224f739.jpg,416,416,Pineapple Green Fruit Rot,292,144,382,351
5407876_jpg.rf.d2eda1042eac9b458a7d0c2286820533.jpg,416,416,colletrotrichum acutatum,299,133,390,276
5407876_jpg.rf.d2eda1042eac9b458a7d0c2286820533.jpg,416,416,colletrotrichum acutatum,159,154,219,272
5407876_jpg.rf.d2eda1042eac9b458a7d0c2286820533.jpg,416,416,colletrotrichum acutatum,29,190,96,279
download--1-_jpg.rf.c974421388a40201f8b001928c9c0f27.jpg,416,416,apple scab,91,127,107,246
download--1-_jpg.rf.c974421388a40201f8b001928c9c0f27.jpg,416,416,apple scab,161,77,298,327
download--4-_jpg.rf.a7c54f769cef8e2ef41ee5368f3e149f.jpg,416,416,Citrus anthracnose,93,148,147,260
download--4-_jpg.rf.a7c54f769cef8e2ef41ee5368f3e149f.jpg,416,416,Citrus anthracnose,274,153,313,285
download--4-_jpg.rf.a7c54f769cef8e2ef41ee5368f3e149f.jpg,416,416,Citrus anthracnose,181,241,267,322
download--4-_jpg.rf.a7c54f769cef8e2ef41ee5368f3e149f.jpg,416,416,Citrus anthracnose,179,101,243,226
WhatsApp-Image-2022-04-16-at-11-14-23-PM--2-_jpeg.rf.d3085c6ada7badd7d399a3ff8874ce91.jpg,416,416,Mango Anthracnose,197,276,295,366
WhatsApp-Image-2022-04-16-at-11-14-23-PM--2-_jpeg.rf.d3085c6ada7badd7d399a3ff8874ce91.jpg,416,416,Mango Anthracnose,152,45,310,102
WhatsApp-Image-2022-04-16-at-11-14-23-PM--2-_jpeg.rf.d3085c6ada7badd7d399a3ff8874ce91.jpg,416,416,Mango Anthracnose,68,78,157,157
WhatsApp-Image-2022-04-16-at-11-14-23-PM--2-_jpeg.rf.d3085c6ada7badd7d399a3ff8874ce91.jpg,416,416,Mango Anthracnose,208,135,336,270
WhatsApp-Image-2022-04-16-at-10-54-04-PM--1-_jpeg.rf.cc20cd54958e545776eaefcbb2014466.jpg,416,416,Pear Scab,123,159,328,330
WhatsApp-Image-2022-04-16-at-10-54-04-PM--1-_jpeg.rf.cc20cd54958e545776eaefcbb2014466.jpg,416,416,Pear Scab,38,164,147,337
WhatsApp-Image-2022-04-16-at-10-54-04-PM--1-_jpeg.rf.cc20cd54958e545776eaefcbb2014466.jpg,416,416,Pear Scab,185,54,299,124
WhatsApp-Image-2022-04-16-at-11-16-43-PM--3-_jpeg.rf.d915eba4f7ba7f228bfd48770ec3a062.jpg,416,416,Mango Anthracnose,88,93,282,275
guava-rot3_jpg.rf.c26e94ccdd62ea81bbafd6269924dcd2.jpg,416,416,Guava rot,134,94,340,361
WhatsApp-Image-2022-04-16-at-11-16-42-PM_jpeg.rf.99a50d8133d262d6c645d358347cfeca.jpg,416,416,Mango Anthracnose,108,53,287,159
WhatsApp-Image-2022-04-16-at-11-16-42-PM_jpeg.rf.99a50d8133d262d6c645d358347cfeca.jpg,416,416,Mango Anthracnose,39,118,200,351
WhatsApp-Image-2022-04-16-at-11-16-42-PM_jpeg.rf.99a50d8133d262d6c645d358347cfeca.jpg,416,416,Mango Anthracnose,225,125,376,386
5539573_jpg.rf.caf5b08d67fbcb3d1e9922a386dddeed.jpg,416,416,colletrotrichum acutatum,114,182,231,267
5539573_jpg.rf.caf5b08d67fbcb3d1e9922a386dddeed.jpg,416,416,colletrotrichum acutatum,167,237,307,348
WhatsApp-Image-2022-04-16-at-11-16-45-PM--1-_jpeg.rf.da1722f47aa5dad203650fb11ab3aa57.jpg,416,416,Mango Anthracnose,28,197,218,324
WhatsApp-Image-2022-04-16-at-11-16-45-PM--1-_jpeg.rf.da1722f47aa5dad203650fb11ab3aa57.jpg,416,416,Mango Anthracnose,132,223,297,344
WhatsApp-Image-2022-04-16-at-11-16-45-PM--1-_jpeg.rf.da1722f47aa5dad203650fb11ab3aa57.jpg,416,416,Mango Anthracnose,91,94,254,186
download--4-_jpg.rf.ae70ca516a0a508aa17dbc53a14eddf6.jpg,416,416,Melanose Diaporthe citri,180,202,293,379
download--4-_jpg.rf.ae70ca516a0a508aa17dbc53a14eddf6.jpg,416,416,Melanose Diaporthe citri,187,25,292,175
download--4-_jpg.rf.ae70ca516a0a508aa17dbc53a14eddf6.jpg,416,416,Melanose Diaporthe citri,71,63,180,357
Aardbei_Lambada_vruchtrot_Botrytis_cinerea_jpg.rf.ddfe8aa2c4766ae54bb26d13267cacd6.jpg,416,416,strawberry botrytis cinere,154,113,314,319
download--3-_jpg.rf.deee2b4ed4eeabb994b9985c6a252505.jpg,416,416,Citrus anthracnose,59,182,117,278
download--3-_jpg.rf.deee2b4ed4eeabb994b9985c6a252505.jpg,416,416,Citrus anthracnose,198,268,235,352
download--3-_jpg.rf.deee2b4ed4eeabb994b9985c6a252505.jpg,416,416,Citrus anthracnose,109,49,142,198
download--3-_jpg.rf.deee2b4ed4eeabb994b9985c6a252505.jpg,416,416,Citrus anthracnose,278,70,305,243
download--3-_jpg.rf.deee2b4ed4eeabb994b9985c6a252505.jpg,416,416,Citrus anthracnose,161,70,260,281
WhatsApp-Image-2022-04-16-at-11-16-46-PM_jpeg.rf.d922c2f7dea079eb84371788fb57b92b.jpg,416,416,Mango Anthracnose,180,120,332,254
WhatsApp-Image-2022-04-16-at-11-16-46-PM_jpeg.rf.d922c2f7dea079eb84371788fb57b92b.jpg,416,416,Mango Anthracnose,68,141,185,247
360_F_323048666_6haEiCCpiVadV2ZV0SUHZ3MMaSEkbmmY_jpg.rf.c19963413ea59141ce5a5ded5d2a832b.jpg,416,416,apple scab,150,229,262,395
360_F_323048666_6haEiCCpiVadV2ZV0SUHZ3MMaSEkbmmY_jpg.rf.c19963413ea59141ce5a5ded5d2a832b.jpg,416,416,apple scab,185,29,293,199
anthracnose-strawberries1x2400-2hp6e8m--1-_jpg.rf.be91d087b5980ce4ed8dec504611f549.jpg,416,416,strawberry anthracnose,31,113,68,232
anthracnose-strawberries1x2400-2hp6e8m--1-_jpg.rf.be91d087b5980ce4ed8dec504611f549.jpg,416,416,strawberry anthracnose,99,117,304,275
anthracnose-strawberries1x2400-2hp6e8m--1-_jpg.rf.be91d087b5980ce4ed8dec504611f549.jpg,416,416,strawberry anthracnose,269,71,324,125
images_jpg.rf.e6679fefba5833374d53d71a4bd6ea85.jpg,416,416,papaya Anthracnose,218,137,279,275
colletrotrichum-acutatum_jpg.rf.e2e6b2c703619abe14c1dfd49464bcf2.jpg,416,416,colletrotrichum acutatum,126,75,262,253
WhatsApp-Image-2022-04-16-at-11-14-22-PM_jpeg.rf.e46737153dad4f45e0711fa373c248bb.jpg,416,416,Mango Anthracnose,145,81,300,166
WhatsApp-Image-2022-04-16-at-11-14-22-PM_jpeg.rf.e46737153dad4f45e0711fa373c248bb.jpg,416,416,Mango Anthracnose,195,157,379,346
strawberry-mildew-rotten_jpg.rf.d44a7053d54a6579fbcd8a34af6a4b36.jpg,416,416,powdery mildew strawberry,206,76,292,223
strawberry-anthracnose_jpg.rf.eddaec830ac85a0da4b601d73bc00a42.jpg,416,416,strawberry anthracnose,196,177,290,316
Applescab_jpg.rf.cda03fc5c7ca92a992ea7479481f9b26.jpg,416,416,apple scab,49,150,103,310
Applescab_jpg.rf.cda03fc5c7ca92a992ea7479481f9b26.jpg,416,416,apple scab,130,160,163,327
Applescab_jpg.rf.cda03fc5c7ca92a992ea7479481f9b26.jpg,416,416,apple scab,299,169,371,340
Applescab_jpg.rf.cda03fc5c7ca92a992ea7479481f9b26.jpg,416,416,apple scab,233,211,361,331
WhatsApp-Image-2022-04-16-at-11-10-11-PM--2-_jpeg.rf.e41cba03dda68af716f9a605b3c14d8b.jpg,416,416,Mango Anthracnose,112,123,191,190
WhatsApp-Image-2022-04-16-at-11-10-11-PM--2-_jpeg.rf.e41cba03dda68af716f9a605b3c14d8b.jpg,416,416,Mango Anthracnose,286,125,349,203
WhatsApp-Image-2022-04-16-at-11-10-11-PM--2-_jpeg.rf.e41cba03dda68af716f9a605b3c14d8b.jpg,416,416,Mango Anthracnose,113,252,174,313
WhatsApp-Image-2022-04-16-at-11-10-11-PM--2-_jpeg.rf.e41cba03dda68af716f9a605b3c14d8b.jpg,416,416,Mango Anthracnose,288,270,343,316
WhatsApp-Image-2022-04-16-at-11-10-11-PM--2-_jpeg.rf.e41cba03dda68af716f9a605b3c14d8b.jpg,416,416,Mango Anthracnose,258,348,299,411
WhatsApp-Image-2022-04-16-at-11-10-11-PM--2-_jpeg.rf.e41cba03dda68af716f9a605b3c14d8b.jpg,416,416,Mango Anthracnose,76,358,158,411
WhatsApp-Image-2022-04-16-at-11-14-20-PM--2-_jpeg.rf.ccd35cafca136f7cec11a3c6bf0955fb.jpg,416,416,Mango Anthracnose,101,56,174,138
WhatsApp-Image-2022-04-16-at-11-14-20-PM--2-_jpeg.rf.ccd35cafca136f7cec11a3c6bf0955fb.jpg,416,416,Mango Anthracnose,121,124,237,218
WhatsApp-Image-2022-04-16-at-11-14-20-PM--2-_jpeg.rf.ccd35cafca136f7cec11a3c6bf0955fb.jpg,416,416,Mango Anthracnose,321,168,375,198
WhatsApp-Image-2022-04-16-at-11-14-20-PM--2-_jpeg.rf.ccd35cafca136f7cec11a3c6bf0955fb.jpg,416,416,Mango Anthracnose,143,243,298,336
4-272012_081_01_jpg.rf.f50eda4b82af0562ab0e7c1baeab7c79.jpg,416,416,strawberry sunscald,205,178,288,299
guava-rot6_jpg.rf.f4fd57dc7c5411b5968829443ee390a1.jpg,416,416,Guava rot,163,226,280,361
guava-rot6_jpg.rf.f4fd57dc7c5411b5968829443ee390a1.jpg,416,416,Guava rot,154,70,281,164
guava-rot6_jpg.rf.f4fd57dc7c5411b5968829443ee390a1.jpg,416,416,Guava rot,57,50,115,224
guava-rot6_jpg.rf.f4fd57dc7c5411b5968829443ee390a1.jpg,416,416,Guava rot,259,71,349,278
guava-rot6_jpg.rf.f4fd57dc7c5411b5968829443ee390a1.jpg,416,416,Guava rot,87,154,161,227
WhatsApp-Image-2022-04-16-at-10-53-59-PM_jpeg.rf.de8a5ab3668ac356cf7c4aa4d98eae17.jpg,416,416,Pear Scab,190,126,240,156
WhatsApp-Image-2022-04-16-at-10-53-59-PM_jpeg.rf.de8a5ab3668ac356cf7c4aa4d98eae17.jpg,416,416,Pear Scab,98,125,160,248
WhatsApp-Image-2022-04-16-at-10-53-59-PM_jpeg.rf.de8a5ab3668ac356cf7c4aa4d98eae17.jpg,416,416,Pear Scab,199,181,307,320
WhatsApp-Image-2022-04-16-at-10-53-59-PM_jpeg.rf.de8a5ab3668ac356cf7c4aa4d98eae17.jpg,416,416,Pear Scab,70,207,142,353
sooty-blotch--1-_png.rf.ec77e7815010626b9848a1dd32559e57.jpg,416,416,Sooty Blotch,239,88,305,223
sooty-blotch--1-_png.rf.ec77e7815010626b9848a1dd32559e57.jpg,416,416,Sooty Blotch,105,208,135,295
sooty-blotch--1-_png.rf.ec77e7815010626b9848a1dd32559e57.jpg,416,416,Sooty Blotch,183,36,210,75
WhatsApp-Image-2022-04-16-at-11-03-59-PM--2-_jpeg.rf.e7869ade623c2a5c176aa8d48f5539d5.jpg,416,416,Pomegranate Bacterial Blight,134,62,362,356
download_jpg.rf.f6e526bffa73bb04fe9b93b474fcc05a.jpg,416,416,Melanose Diaporthe citri,130,39,288,406
download_jpg.rf.f6e526bffa73bb04fe9b93b474fcc05a.jpg,416,416,Melanose Diaporthe citri,297,119,381,207
WhatsApp-Image-2022-04-16-at-11-03-58-PM--2-_jpeg.rf.edb05a33804e8678281fc2859f0a509b.jpg,416,416,Pomegranate Bacterial Blight,57,83,332,325
WhatsApp-Image-2022-04-16-at-11-01-03-PM_jpeg.rf.f77e724afc79ed0fd37778b9011f6ce7.jpg,416,416,pomegranate alternaria fruit spot,144,114,223,272
WhatsApp-Image-2022-04-16-at-11-01-03-PM_jpeg.rf.f77e724afc79ed0fd37778b9011f6ce7.jpg,416,416,pomegranate alternaria fruit spot,82,171,137,276
Black-Spot-Citrus_jpg.rf.f2570163538572c673c29bc078760610.jpg,416,416,Citrus back spot,241,80,348,100
Black-Spot-Citrus_jpg.rf.f2570163538572c673c29bc078760610.jpg,416,416,Citrus back spot,91,103,367,318
Black-Spot-Citrus_jpg.rf.f2570163538572c673c29bc078760610.jpg,416,416,Citrus back spot,109,328,320,376
Black-Spot-Citrus_jpg.rf.f2570163538572c673c29bc078760610.jpg,416,416,Citrus back spot,133,35,241,77
WhatsApp-Image-2022-04-16-at-11-14-19-PM_jpeg.rf.f6af7a766efdf410923f8a060b8bcd78.jpg,416,416,Mango Anthracnose,89,44,339,399
DjWTSRhWsAA7WAf_jpg.rf.f1381c16d8be3d03f9e294d526ba6302.jpg,416,416,papaya Anthracnose,155,83,256,120
DjWTSRhWsAA7WAf_jpg.rf.f1381c16d8be3d03f9e294d526ba6302.jpg,416,416,papaya Anthracnose,86,120,263,224
DjWTSRhWsAA7WAf_jpg.rf.f1381c16d8be3d03f9e294d526ba6302.jpg,416,416,papaya Anthracnose,145,239,244,319
banana-rot3_jpg.rf.df5435655cd915524ed958920477979e.jpg,416,416,fruit rot,50,235,300,312
banana-rot3_jpg.rf.df5435655cd915524ed958920477979e.jpg,416,416,fruit rot,315,141,349,281
Strawberry-Anthracnose-Shane-_jpg.rf.f9e3b27353b404b32b0a1a05f528417f.jpg,416,416,strawberry anthracnose,226,63,279,138
Strawberry-Anthracnose-Shane-_jpg.rf.f9e3b27353b404b32b0a1a05f528417f.jpg,416,416,strawberry anthracnose,249,188,321,286
Strawberry-Anthracnose-Shane-_jpg.rf.f9e3b27353b404b32b0a1a05f528417f.jpg,416,416,strawberry anthracnose,143,251,207,330
guava-rot_jpg.rf.fffddebaeba9167c71fa89aefcbbe14b.jpg,416,416,Guava rot,67,97,373,312
guava-rot_jpg.rf.fffddebaeba9167c71fa89aefcbbe14b.jpg,416,416,Guava rot,48,289,381,393
WhatsApp-Image-2022-04-16-at-11-07-46-PM--1-_jpeg.rf.fa09973975cacb9968334889b42cd199.jpg,416,416,Pineapple Green Fruit Rot,142,154,282,335
WhatsApp-Image-2022-04-16-at-10-45-46-PM--2-_jpeg.rf.f6ee057e29c53a42c4c1828f1288d162.jpg,416,416,muskmelon black rot,88,115,324,324
WhatsApp-Image-2022-04-16-at-11-14-21-PM_jpeg.rf.ecab8befb581f60377e1da1af0a0b618.jpg,416,416,Mango Anthracnose,105,68,208,129
WhatsApp-Image-2022-04-16-at-11-14-21-PM_jpeg.rf.ecab8befb581f60377e1da1af0a0b618.jpg,416,416,Mango Anthracnose,222,105,352,226
WhatsApp-Image-2022-04-16-at-11-14-21-PM_jpeg.rf.ecab8befb581f60377e1da1af0a0b618.jpg,416,416,Mango Anthracnose,110,164,247,332
WhatsApp-Image-2022-04-16-at-11-14-21-PM_jpeg.rf.ecab8befb581f60377e1da1af0a0b618.jpg,416,416,Mango Anthracnose,172,304,356,409
guava-black-spots_jpg.rf.ecb85aa3a03cbb4280debe54c876198e.jpg,416,416,fruit spots,298,137,344,260
guava-black-spots_jpg.rf.ecb85aa3a03cbb4280debe54c876198e.jpg,416,416,fruit spots,89,251,108,302
guava-black-spots_jpg.rf.ecb85aa3a03cbb4280debe54c876198e.jpg,416,416,fruit spots,133,282,174,342
guava-black-spots_jpg.rf.ecb85aa3a03cbb4280debe54c876198e.jpg,416,416,fruit spots,119,149,136,186
guava-black-spots_jpg.rf.ecb85aa3a03cbb4280debe54c876198e.jpg,416,416,fruit spots,148,68,276,273
WhatsApp-Image-2022-04-16-at-11-05-58-PM--2-_jpeg.rf.fc2c30659f1bd197ad0c08045227db7c.jpg,416,416,Pineapple Fusariosis,46,159,111,188
WhatsApp-Image-2022-04-16-at-11-05-58-PM--2-_jpeg.rf.fc2c30659f1bd197ad0c08045227db7c.jpg,416,416,Pineapple Fusariosis,99,174,244,241
WhatsApp-Image-2022-04-16-at-11-05-58-PM--2-_jpeg.rf.fc2c30659f1bd197ad0c08045227db7c.jpg,416,416,Pineapple Fusariosis,0,230,93,293
WhatsApp-Image-2022-04-16-at-11-05-58-PM--2-_jpeg.rf.fc2c30659f1bd197ad0c08045227db7c.jpg,416,416,Pineapple Fusariosis,288,184,365,354
WhatsApp-Image-2022-04-16-at-11-05-58-PM--2-_jpeg.rf.fc2c30659f1bd197ad0c08045227db7c.jpg,416,416,Pineapple Fusariosis,108,254,257,368
WhatsApp-Image-2022-04-16-at-11-05-58-PM--2-_jpeg.rf.fc2c30659f1bd197ad0c08045227db7c.jpg,416,416,Pineapple Fusariosis,16,308,124,359
WhatsApp-Image-2022-04-16-at-11-07-47-PM--1-_jpeg.rf.fb5cb2ec45dc4e15f56e4c3f067ad393.jpg,416,416,Pineapple Green Fruit Rot,184,205,340,299
WhatsApp-Image-2022-04-16-at-11-01-01-PM--1-_jpeg.rf.fbf1a58823a3ae11fbdf7a3e357f9b9d.jpg,416,416,pomegranate alternaria fruit spot,60,118,186,207
WhatsApp-Image-2022-04-16-at-11-01-01-PM--1-_jpeg.rf.fbf1a58823a3ae11fbdf7a3e357f9b9d.jpg,416,416,pomegranate alternaria fruit spot,187,207,285,315
anthracnose-of-papaya-and-mango-papaya-2_jpg.rf.f077e8e4f2aed4f2fe28c1ec56d0bbc9.jpg,416,416,papaya Anthracnose,89,75,312,277
anthracnose-of-papaya-and-mango-papaya-2_jpg.rf.f077e8e4f2aed4f2fe28c1ec56d0bbc9.jpg,416,416,papaya Anthracnose,123,156,310,282
WhatsApp-Image-2022-04-16-at-11-01-04-PM--2-_jpeg.rf.ea567413525d539c3762abf058c351ca.jpg,416,416,pomegranate alternaria fruit spot,15,157,295,320
WhatsApp-Image-2022-04-16-at-11-01-04-PM--2-_jpeg.rf.ea567413525d539c3762abf058c351ca.jpg,416,416,pomegranate alternaria fruit spot,83,102,371,316